{
  "epochs": [
    0,
    1,
    2,
    3,
    4,
    5,
    6,
    7,
    8,
    9,
    10,
    11,
    12,
    13,
    14,
    15,
    16,
    17,
    18,
    19,
    20,
    21,
    22,
    23,
    24,
    25,
    26,
    27,
    28,
    29,
    30,
    31,
    32,
    33,
    34,
    35,
    36,
    37,
    38,
    39,
    40,
    41,
    42,
    43,
    44,
    45,
    46,
    47,
    48,
    49
  ],
  "losses": [
    5.690629353523255,
    4.415775933265686,
    3.8090351915359495,
    3.491824526786804,
    3.345241003036499,
    3.2259409379959108,
    3.179465136528015,
    3.1171034288406374,
    3.157975516319275,
    3.0805371761322022,
    3.122467346191406,
    3.0460070323944093,
    3.0225558519363402,
    3.0686851263046266,
    3.0602571868896487,
    2.983342342376709,
    2.96159752368927,
    2.934189410209656,
    2.998106746673584,
    2.9297544956207275,
    2.908707537651062,
    2.915567021369934,
    2.9017979955673217,
    2.8904909753799437,
    2.8699857139587404,
    2.8773836374282835,
    2.852869997024536,
    2.8169866037368774,
    2.8065085363388063,
    2.824905610084534,
    2.800531094074249,
    2.848443851470947,
    2.8367787432670593,
    2.7460919499397276,
    2.7356499910354612,
    2.748282561302185,
    2.745821771621704,
    2.7365111684799195,
    2.6950059938430786,
    2.664768772125244,
    2.6508913803100587,
    2.738467309474945,
    2.7561349987983705,
    2.7095590019226075,
    2.617843632698059,
    2.626982877254486,
    2.7300452542304994,
    2.7703568506240845,
    2.715770401954651,
    2.6605307960510256
  ]
}