{
  "jittor": {
    "framework": "Jittor",
    "version": "1.3.9.14",
    "model_params": 31139848,
    "backbone_params": 23580512,
    "transformer_params": 7559336,
    "training_time": 422.7,
    "initial_loss": 6.2949,
    "final_loss": 1.9466,
    "loss_reduction": 4.3483,
    "epochs": 50,
    "dataset_size": 50,
    "batch_size": 1,
    "learning_rate": 5e-05,
    "pretrained": "Jittor内置预训练权重",
    "losses_by_epoch": {
      "1": 6.2949,
      "2": 4.8378,
      "3": 4.2038,
      "4": 3.7147,
      "5": 3.4295,
      "10": 3.0148,
      "20": 2.5821,
      "30": 2.3231,
      "40": 2.1215,
      "46": 2.016,
      "47": 1.9583,
      "48": 1.9949,
      "49": 1.9542,
      "50": 1.9466
    }
  },
  "pytorch": {
    "framework": "PyTorch",
    "version": "2.0.1+cu117",
    "model_params": 25526932,
    "backbone_params": 23508032,
    "encoder_params": 918272,
    "decoder_params": 1100628,
    "training_time": 191.4,
    "initial_loss": 2.7684,
    "final_loss": 0.7783,
    "loss_reduction": 1.9901,
    "epochs": 50,
    "dataset_size": 50,
    "batch_size": 1,
    "learning_rate": 5e-05,
    "pretrained": "PyTorch预训练ResNet50权重",
    "losses_by_epoch": {
      "1": 2.7684,
      "2": 1.1772,
      "3": 1.1422,
      "4": 1.1367,
      "5": 1.1439,
      "10": 1.0821,
      "20": 0.8435,
      "30": 0.8159,
      "40": 0.7836,
      "46": 0.7843,
      "47": 0.7797,
      "48": 0.7821,
      "49": 0.7814,
      "50": 0.7783
    }
  },
  "analysis": {
    "jittor_convergence_rate": 0.010286964750414006,
    "pytorch_convergence_rate": 0.010397596656217346,
    "jittor_efficiency": 0.6172178850248403,
    "pytorch_efficiency": 0.6238557993730408,
    "jittor_param_efficiency": 0.13963780426930794,
    "pytorch_param_efficiency": 0.07796079842262282,
    "training_time_diff_percent": 120.84639498432601,
    "final_loss_diff_percent": 150.10921238596944,
    "param_count_diff_percent": 21.988212292805105
  }
}