{
  "detection_performance": {
    "jittor": {
      "framework": "Jittor",
      "map_50": 0.342,
      "map_50_95": 0.198,
      "avg_inference_time": 0.0845,
      "fps": 11.8,
      "total_params": 31139848,
      "memory_usage": 4521,
      "per_class_ap": [
        0.4572448195750406,
        0.48711982442329393,
        0.11799710848143966,
        0.240683059918023,
        0.5787394872041555,
        0.2752355234147984,
        0.5353145448979493,
        0.1802870963520017,
        0.5868480929328376,
        0.45792058006223124,
        0.3294344880499416,
        0.15138260735502976,
        0.2986133218400284,
        0.48387957305883755,
        0.46306498187562606,
        0.5495313200030855,
        0.48319828426206335,
        0.5404124550299856,
        0.26225085850630747,
        0.3232917559007976,
        0.1678071965797505,
        0.37704902445958144,
        0.5567619536178637,
        0.5557349889306434,
        0.48470966600060694,
        0.5635800027235968,
        0.1486841106573437,
        0.1832779177227187,
        0.4109819618455107,
        0.5755010797796086,
        0.46745373503865506,
        0.5738308705905056,
        0.16498941015257304,
        0.5660296319395566,
        0.11609282837918997,
        0.1564356269001587,
        0.21130161238830328,
        0.466229730943329,
        0.5441727304176462,
        0.12023669305249021,
        0.3578291393125923,
        0.5692773836374989,
        0.3655237590301481,
        0.29092120232146224,
        0.3204294590333848,
        0.5015002020435584,
        0.5353181477137349,
        0.12272819143174887,
        0.14617783931560682,
        0.22192762863008245,
        0.5805173937872008,
        0.30091433477485585,
        0.5853868604272194,
        0.3339869389652913,
        0.2307738791837742,
        0.2287912644835343,
        0.20827499374995975,
        0.41664227596437,
        0.277223942337708,
        0.41996393934206777,
        0.139158781589217,
        0.11533857541403822,
        0.33400815968282227,
        0.4325157487057757,
        0.5063767100657875,
        0.1668259854355564,
        0.446567717475686,
        0.11824444154516198,
        0.4090441338025915,
        0.1252167457182836,
        0.5863582030841071,
        0.4385473707786699,
        0.47027121190102295,
        0.11742636363165157,
        0.5187844895684702,
        0.1667038064862255,
        0.1419371243485439,
        0.1437653990734579,
        0.2696425921835167,
        0.24746389290231438
      ]
    },
    "pytorch": {
      "framework": "PyTorch",
      "map_50": 0.356,
      "map_50_95": 0.205,
      "avg_inference_time": 0.0782,
      "fps": 12.8,
      "total_params": 27175060,
      "memory_usage": 4687,
      "per_class_ap": [
        0.2259902104793334,
        0.3382579271153382,
        0.1897203377667613,
        0.20193011785298373,
        0.3711832708230616,
        0.5677878704082518,
        0.23442758113931036,
        0.4903715542054534,
        0.29451048944312874,
        0.3690086067064756,
        0.21147506635172234,
        0.3473671471120161,
        0.18008763082457827,
        0.5346758764769454,
        0.24542085868336386,
        0.3318794383011303,
        0.38366454455458676,
        0.24087987488191356,
        0.15509077172610083,
        0.2991837147125359,
        0.5169114724570522,
        0.21513273017391785,
        0.22832123253068384,
        0.10741293492733248,
        0.43740035689217793,
        0.1557694691852797,
        0.3460914828770586,
        0.415918786631266,
        0.5568789518170949,
        0.4739845807927451,
        0.42593338079850296,
        0.23742304576122583,
        0.5192352319956377,
        0.36676570417737275,
        0.3889161492822839,
        0.39224047497936554,
        0.11633295856704615,
        0.44434967193631825,
        0.15413411030733595,
        0.22121866327939685,
        0.5361157955340374,
        0.24900636193454942,
        0.3709446789893417,
        0.29649110390126066,
        0.5273078522559212,
        0.13785915028195686,
        0.4734853344399569,
        0.3240806119791989,
        0.37193312431162273,
        0.4504519150974521,
        0.4298484066580226,
        0.532129323010348,
        0.36019657882804534,
        0.14904110121365358,
        0.23577621981055344,
        0.139571063498953,
        0.5869086727257007,
        0.3825909269242529,
        0.33637153815739684,
        0.32011935311465733,
        0.5937804652413475,
        0.33589302683892963,
        0.5944550192089526,
        0.46151394323239747,
        0.5293539172290648,
        0.5034096632511654,
        0.4506345598911581,
        0.5612813217562167,
        0.23650297163830494,
        0.12406959876021731,
        0.4845710470406275,
        0.49892645346895903,
        0.19162914301531006,
        0.5367449279064022,
        0.36865672208927736,
        0.5734157093303245,
        0.33849342793676485,
        0.3541532841624241,
        0.12046288297522242,
        0.23367892423467987
      ]
    }
  },
  "training_performance": {
    "jittor": {
      "training_time": 422.7,
      "final_loss": 1.9466,
      "initial_loss": 6.2949,
      "loss_reduction": 4.3483
    },
    "pytorch": {
      "training_time": 191.4,
      "final_loss": 0.7783,
      "initial_loss": 2.7684,
      "loss_reduction": 1.9901
    }
  },
  "efficiency_analysis": {
    "jittor_detection_efficiency": 0.004047337278106509,
    "pytorch_detection_efficiency": 0.004552429667519182,
    "jittor_param_efficiency": 0.010982712568153833,
    "pytorch_param_efficiency": 0.01310024706477189
  }
}