{
  "epochs": [
    0,
    1,
    2
  ],
  "losses": [
    6.955750370025635,
    5.466886520385742,
    4.937947463989258
  ]
}